codepoint,advance_px_16_resolved
U+00AD,0.0000
U+0600,14.7520
U+0601,24.7520
U+0602,9.5000
U+0603,20.7520
U+0604,24.2520
U+0605,0.0000
U+061C,0.0000
U+06DD,18.0000
U+070F,0.2520
U+0890,11.2520
U+0891,11.2520
U+08E2,12.5000
U+180E,0.0000
U+200B,0.0000
U+200C,0.0000
U+200D,0.0000
U+200E,0.0000
U+200F,0.0000
U+202A,0.0000
U+202B,0.0000
U+202C,0.0000
U+202D,0.0000
U+202E,0.0000
U+2060,0.0000
U+2061,0.0000
U+2062,0.0000
U+2063,0.0000
U+2064,0.0000
U+2066,0.0000
U+2067,0.0000
U+2068,0.0000
U+2069,0.0000
U+206A,0.0000
U+206B,0.0000
U+206C,0.0000
U+206D,0.0000
U+206E,0.0000
U+206F,0.0000
U+FEFF,0.0000
U+FFF9,11.2520
U+FFFA,11.2520
U+FFFB,11.2520
U+110BD,10.5000
U+110CD,10.5000
U+13430,9.7520
U+13431,9.7520
U+13432,9.7520
U+13433,9.7520
U+13434,9.7520
U+13435,9.7520
U+13436,9.7520
U+13437,9.7520
U+13438,9.7520
U+13439,11.2520
U+1343A,11.2520
U+1343B,11.2520
U+1343C,11.2520
U+1343D,11.2520
U+1343E,11.2520
U+1343F,11.2520
U+1BCA0,18.0000
U+1BCA1,18.0000
U+1BCA2,18.0000
U+1BCA3,18.0000
U+1D173,0.0000
U+1D174,0.0000
U+1D175,0.0000
U+1D176,0.0000
U+1D177,0.0000
U+1D178,0.0000
U+1D179,0.0000
U+1D17A,0.0000
U+E0001,0.0000
U+E0020,0.0000
U+E0021,0.0000
U+E0022,0.0000
U+E0023,0.0000
U+E0024,0.0000
U+E0025,0.0000
U+E0026,0.0000
U+E0027,0.0000
U+E0028,0.0000
U+E0029,0.0000
U+E002A,0.0000
U+E002B,0.0000
U+E002C,0.0000
U+E002D,0.0000
U+E002E,0.0000
U+E002F,0.0000
U+E0030,0.0000
U+E0031,0.0000
U+E0032,0.0000
U+E0033,0.0000
U+E0034,0.0000
U+E0035,0.0000
U+E0036,0.0000
U+E0037,0.0000
U+E0038,0.0000
U+E0039,0.0000
U+E003A,0.0000
U+E003B,0.0000
U+E003C,0.0000
U+E003D,0.0000
U+E003E,0.0000
U+E003F,0.0000
U+E0040,0.0000
U+E0041,0.0000
U+E0042,0.0000
U+E0043,0.0000
U+E0044,0.0000
U+E0045,0.0000
U+E0046,0.0000
U+E0047,0.0000
U+E0048,0.0000
U+E0049,0.0000
U+E004A,0.0000
U+E004B,0.0000
U+E004C,0.0000
U+E004D,0.0000
U+E004E,0.0000
U+E004F,0.0000
U+E0050,0.0000
U+E0051,0.0000
U+E0052,0.0000
U+E0053,0.0000
U+E0054,0.0000
U+E0055,0.0000
U+E0056,0.0000
U+E0057,0.0000
U+E0058,0.0000
U+E0059,0.0000
U+E005A,0.0000
U+E005B,0.0000
U+E005C,0.0000
U+E005D,0.0000
U+E005E,0.0000
U+E005F,0.0000
U+E0060,0.0000
U+E0061,0.0000
U+E0062,0.0000
U+E0063,0.0000
U+E0064,0.0000
U+E0065,0.0000
U+E0066,0.0000
U+E0067,0.0000
U+E0068,0.0000
U+E0069,0.0000
U+E006A,0.0000
U+E006B,0.0000
U+E006C,0.0000
U+E006D,0.0000
U+E006E,0.0000
U+E006F,0.0000
U+E0070,0.0000
U+E0071,0.0000
U+E0072,0.0000
U+E0073,0.0000
U+E0074,0.0000
U+E0075,0.0000
U+E0076,0.0000
U+E0077,0.0000
U+E0078,0.0000
U+E0079,0.0000
U+E007A,0.0000
U+E007B,0.0000
U+E007C,0.0000
U+E007D,0.0000
U+E007E,0.0000
U+E007F,0.0000
